WKT,name,description
"POINT (77.0803579 28.0609582)",b4,
"POINT (77.2161459 28.6094327)",a2,
"POINT (77.6955923 27.9639659)",c1,
"POINT (77.8164419 28.4480509)",a3,
"POINT (78.2119497 27.7405529)",b2,
"POINT (78.1020864 29.9441115)",b3,
"POINT (79.9477896 29.9250701)",b5,
"POINT (79.6181997 30.2482774)",c3,
"POINT (73.3053933 28.0657984)",c2,
"POINT (73.7118874 27.7454075)",a1,
"POINT (73.7228738 27.277699)",b1,
"POINT (76.7513429 28.9485754)",a4,
